user_id,movie_id,movie_title,rating,Action,Adventure,Animation,Children's,Comedy,Crime,Documentary,Drama,Fantasy,Film-Noir,Horror,Musical,Mystery,Romance,Sci-Fi,Thriller,War,Western,timestamp
450,1,Toy Story (1995),1,0,0,1,1,1,0,0,0,0,0,0,0,0,0,0,0,0,0,887835272
450,2,GoldenEye (1995),1,1,1,0,0,0,0,0,0,0,0,0,0,0,0,0,1,0,0,882474001
450,3,Four Rooms (1995),1,0,0,0,0,0,0,0,0,0,0,0,0,0,0,0,1,0,0,882398220
450,4,Get Shorty (1995),0,1,0,0,0,1,0,0,1,0,0,0,0,0,0,0,0,0,0,882373865
450,7,Twelve Monkeys (1995),1,0,0,0,0,0,0,0,1,0,0,0,0,0,0,1,0,0,0,882376885
450,10,Richard III (1995),1,0,0,0,0,0,0,0,1,0,0,0,0,0,0,0,0,1,0,882398567
450,11,Seven (Se7en) (1995),2,0,0,0,0,0,1,0,0,0,0,0,0,0,0,0,1,0,0,882376365
450,12,"Usual Suspects, The (1995)",1,0,0,0,0,0,1,0,0,0,0,0,0,0,0,0,1,0,0,882373231
450,13,Mighty Aphrodite (1995),0,0,0,0,0,1,0,0,0,0,0,0,0,0,0,0,0,0,0,882373297
450,15,Mr. Holland's Opus (1995),0,0,0,0,0,0,0,0,1,0,0,0,0,0,0,0,0,0,0,882812350
450,22,Braveheart (1995),2,1,0,0,0,0,0,0,1,0,0,0,0,0,0,0,0,1,0,882373865
450,23,Taxi Driver (1976),2,0,0,0,0,0,0,0,1,0,0,0,0,0,0,0,1,0,0,887136837
450,25,"Birdcage, The (1996)",0,0,0,0,0,1,0,0,0,0,0,0,0,0,0,0,0,0,0,882376188
450,26,"Brothers McMullen, The (1995)",2,0,0,0,0,1,0,0,0,0,0,0,0,0,0,0,0,0,0,882396489
450,28,Apollo 13 (1995),1,1,0,0,0,0,0,0,1,0,0,0,0,0,0,0,1,0,0,882377861
450,29,Batman Forever (1995),0,1,1,0,0,1,1,0,0,0,0,0,0,0,0,0,0,0,0,887661438
450,33,Desperado (1995),2,1,0,0,0,0,0,0,0,0,0,0,0,0,1,0,1,0,0,882398083
450,35,Free Willy 2: The Adventure Home (1995),-1,0,1,0,1,0,0,0,1,0,0,0,0,0,0,0,0,0,0,882468790
450,38,"Net, The (1995)",1,0,0,0,0,0,0,0,0,0,0,0,0,0,0,1,1,0,0,882474001
450,39,Strange Days (1995),1,1,0,0,0,0,1,0,0,0,0,0,0,0,0,1,0,0,0,882376282
450,43,Disclosure (1994),1,0,0,0,0,0,0,0,1,0,0,0,0,0,0,0,1,0,0,887139080
450,44,Dolores Claiborne (1994),0,0,0,0,0,0,0,0,1,0,0,0,0,0,0,0,1,0,0,882376658
450,47,Ed Wood (1994),0,0,0,0,0,1,0,0,1,0,0,0,0,0,0,0,0,0,0,882394180
450,49,I.Q. (1994),2,0,0,0,0,1,0,0,0,0,0,0,0,0,1,0,0,0,0,882469728
450,50,Star Wars (1977),2,1,1,0,0,0,0,0,0,0,0,0,0,0,1,1,0,1,0,882371415
450,51,Legends of the Fall (1994),1,0,0,0,0,0,0,0,1,0,0,0,0,0,1,0,0,1,1,882377358
450,54,Outbreak (1995),1,1,0,0,0,0,0,0,1,0,0,0,0,0,0,0,1,0,0,887138820
450,56,Pulp Fiction (1994),1,0,0,0,0,0,1,0,1,0,0,0,0,0,0,0,0,0,0,882371645
450,58,Quiz Show (1994),0,0,0,0,0,0,0,0,1,0,0,0,0,0,0,0,0,0,0,882373464
450,59,Three Colors: Red (1994),1,0,0,0,0,0,0,0,1,0,0,0,0,0,0,0,0,0,0,882371904
450,60,Three Colors: Blue (1993),0,0,0,0,0,0,0,0,1,0,0,0,0,0,0,0,0,0,0,882472089
450,61,Three Colors: White (1994),1,0,0,0,0,0,0,0,1,0,0,0,0,0,0,0,0,0,0,882376446
450,63,"Santa Clause, The (1994)",1,0,0,0,1,1,0,0,0,0,0,0,0,0,0,0,0,0,0,882469941
450,64,"Shawshank Redemption, The (1994)",1,0,0,0,0,0,0,0,1,0,0,0,0,0,0,0,0,0,0,882373656
450,65,What's Eating Gilbert Grape (1993),0,0,0,0,0,1,0,0,1,0,0,0,0,0,0,0,0,0,0,882376885
450,66,While You Were Sleeping (1995),1,0,0,0,0,1,0,0,0,0,0,0,0,0,1,0,0,0,0,882398770
450,67,Ace Ventura: Pet Detective (1994),0,0,0,0,0,1,0,0,0,0,0,0,0,0,0,0,0,0,0,882469941
450,69,Forrest Gump (1994),1,0,0,0,0,1,0,0,0,0,0,0,0,0,1,0,0,1,0,882373532
450,70,Four Weddings and a Funeral (1994),1,0,0,0,0,1,0,0,0,0,0,0,0,0,1,0,0,0,0,882374497
450,71,"Lion King, The (1994)",0,0,0,1,1,0,0,0,0,0,0,0,1,0,0,0,0,0,0,882377358
450,73,Maverick (1994),0,1,0,0,0,1,0,0,0,0,0,0,0,0,0,0,0,0,1,887661438
450,76,Carlito's Way (1993),0,0,0,0,0,0,1,0,1,0,0,0,0,0,0,0,0,0,0,882395913
450,77,"Firm, The (1993)",1,0,0,0,0,0,0,0,1,0,0,0,0,0,0,0,1,0,0,887139143
450,78,Free Willy (1993),-1,0,1,0,1,0,0,0,1,0,0,0,0,0,0,0,0,0,0,882396245
450,79,"Fugitive, The (1993)",1,1,0,0,0,0,0,0,0,0,0,0,0,0,0,0,1,0,0,882376446
450,80,Hot Shots! Part Deux (1993),0,1,0,0,0,1,0,0,0,0,0,0,0,0,0,0,0,1,0,882471737
450,81,"Hudsucker Proxy, The (1994)",1,0,0,0,0,1,0,0,0,0,0,0,0,0,1,0,0,0,0,882376188
450,82,Jurassic Park (1993),0,1,1,0,0,0,0,0,0,0,0,0,0,0,0,1,0,0,0,887834953
450,83,Much Ado About Nothing (1993),1,0,0,0,0,1,0,0,0,0,0,0,0,0,1,0,0,0,0,882372027
450,86,"Remains of the Day, The (1993)",1,0,0,0,0,0,0,0,1,0,0,0,0,0,0,0,0,0,0,887660440
450,87,Searching for Bobby Fischer (1993),2,0,0,0,0,0,0,0,1,0,0,0,0,0,0,0,0,0,0,882374059
450,88,Sleepless in Seattle (1993),2,0,0,0,0,1,0,0,0,0,0,0,0,0,1,0,0,0,0,882396799
450,89,Blade Runner (1982),2,0,0,0,0,0,0,0,0,0,1,0,0,0,0,1,0,0,0,882371311
450,90,So I Married an Axe Murderer (1993),1,0,0,0,0,1,0,0,0,0,0,0,0,0,1,0,1,0,0,887660650
450,91,"Nightmare Before Christmas, The (1993)",1,0,0,0,1,1,0,0,0,0,0,0,1,0,0,0,0,0,0,887660763
450,92,True Romance (1993),1,1,0,0,0,0,1,0,0,0,0,0,0,0,1,0,0,0,0,887660650
450,94,Home Alone (1990),1,0,0,0,1,1,0,0,0,0,0,0,0,0,0,0,0,0,0,882468239
450,95,Aladdin (1992),0,0,0,1,1,1,0,0,0,0,0,0,1,0,0,0,0,0,0,882395167
450,96,Terminator 2: Judgment Day (1991),1,1,0,0,0,0,0,0,0,0,0,0,0,0,0,1,1,0,0,887834823
450,97,Dances with Wolves (1990),1,0,1,0,0,0,0,0,1,0,0,0,0,0,0,0,0,0,1,882396351
450,98,"Silence of the Lambs, The (1991)",1,0,0,0,0,0,0,0,1,0,0,0,0,0,0,0,1,0,0,882371732
450,99,Snow White and the Seven Dwarfs (1937),1,0,0,1,1,0,0,0,0,0,0,0,1,0,0,0,0,0,0,882376803
450,100,Fargo (1996),1,0,0,0,0,0,1,0,1,0,0,0,0,0,0,0,1,0,0,882374059
450,101,Heavy Metal (1981),2,1,1,1,0,0,0,0,0,0,0,1,0,0,0,1,0,0,0,882399359
450,102,"Aristocats, The (1970)",1,0,0,1,1,0,0,0,0,0,0,0,0,0,0,0,0,0,0,882468047
450,110,Operation Dumbo Drop (1995),1,1,1,0,0,1,0,0,0,0,0,0,0,0,0,0,0,1,0,882469250
450,111,"Truth About Cats & Dogs, The (1996)",1,0,0,0,0,1,0,0,0,0,0,0,0,0,1,0,0,0,0,882377590
450,112,Flipper (1996),-1,0,1,0,1,0,0,0,0,0,0,0,0,0,0,0,0,0,0,882468307
450,114,Wallace & Gromit: The Best of Aardman Animation (1996),2,0,0,1,0,0,0,0,0,0,0,0,0,0,0,0,0,0,0,887660504
450,117,"Rock, The (1996)",1,1,1,0,0,0,0,0,0,0,0,0,0,0,0,0,1,0,0,882397373
450,118,Twister (1996),0,1,1,0,0,0,0,0,0,0,0,0,0,0,0,0,1,0,0,882395166
450,121,Independence Day (ID4) (1996),0,1,0,0,0,0,0,0,0,0,0,0,0,0,0,1,0,1,0,882395537
450,123,"Frighteners, The (1996)",-1,0,0,0,0,1,0,0,0,0,0,1,0,0,0,0,0,0,0,882373464
450,125,Phenomenon (1996),1,0,0,0,0,0,0,0,1,0,0,0,0,0,1,0,0,0,0,882376803
450,126,"Spitfire Grill, The (1996)",2,0,0,0,0,0,0,0,1,0,0,0,0,0,0,0,0,0,0,882396051
450,127,"Godfather, The (1972)",2,1,0,0,0,0,1,0,1,0,0,0,0,0,0,0,0,0,0,882373155
450,131,Breakfast at Tiffany's (1961),1,0,0,0,0,0,0,0,1,0,0,0,0,0,1,0,0,0,0,882377861
450,132,"Wizard of Oz, The (1939)",2,0,1,0,1,0,0,0,1,0,0,0,1,0,0,0,0,0,0,882374422
450,133,Gone with the Wind (1939),2,0,0,0,0,0,0,0,1,0,0,0,0,0,1,0,0,1,0,882373019
450,134,Citizen Kane (1941),0,0,0,0,0,0,0,0,1,0,0,0,0,0,0,0,0,0,0,882373597
450,135,2001: A Space Odyssey (1968),0,0,0,0,0,0,0,0,1,0,0,0,0,1,0,1,1,0,0,882373231
450,136,Mr. Smith Goes to Washington (1939),2,0,0,0,0,0,0,0,1,0,0,0,0,0,0,0,0,0,0,882812349
450,139,"Love Bug, The (1969)",2,0,0,0,1,1,0,0,0,0,0,0,0,0,0,0,0,0,0,882812558
450,140,Homeward Bound: The Incredible Journey (1993),0,0,1,0,1,0,0,0,0,0,0,0,0,0,0,0,0,0,0,882376585
450,141,"20,000 Leagues Under the Sea (1954)",0,0,1,0,1,0,0,0,0,1,0,0,0,0,0,1,0,0,0,882377726
450,142,Bedknobs and Broomsticks (1971),2,0,1,0,1,0,0,0,0,0,0,0,1,0,0,0,0,0,0,887835352
450,143,"Sound of Music, The (1965)",2,0,0,0,0,0,0,0,0,0,0,0,1,0,0,0,0,0,0,882394364
450,144,Die Hard (1988),2,1,0,0,0,0,0,0,0,0,0,0,0,0,0,0,1,0,0,882373865
450,145,"Lawnmower Man, The (1992)",0,1,0,0,0,0,0,0,0,0,0,0,0,0,0,1,1,0,0,887661438
450,151,Willy Wonka and the Chocolate Factory (1971),2,0,1,0,1,1,0,0,0,0,0,0,0,0,0,0,0,0,0,882376658
450,152,Sleeper (1973),2,0,0,0,0,1,0,0,0,0,0,0,0,0,0,1,0,0,0,882395052
450,153,"Fish Called Wanda, A (1988)",2,0,0,0,0,1,0,0,0,0,0,0,0,0,0,0,0,0,0,882374422
450,154,Monty Python's Life of Brian (1979),0,0,0,0,0,1,0,0,0,0,0,0,0,0,0,0,0,0,0,882377590
450,155,Dirty Dancing (1987),1,0,0,0,0,0,0,0,0,0,0,0,1,0,1,0,0,0,0,882396564
450,157,Platoon (1986),0,0,0,0,0,0,0,0,1,0,0,0,0,0,0,0,0,1,0,882394180
450,158,Weekend at Bernie's (1989),0,0,0,0,0,1,0,0,0,0,0,0,0,0,0,0,0,0,0,882471524
450,161,Top Gun (1986),2,1,0,0,0,0,0,0,0,0,0,0,0,0,1,0,0,0,0,882396245
450,162,On Golden Pond (1981),2,0,0,0,0,0,0,0,1,0,0,0,0,0,0,0,0,0,0,882395913
450,163,"Return of the Pink Panther, The (1974)",1,0,0,0,0,1,0,0,0,0,0,0,0,0,0,0,0,0,0,882377358
450,164,"Abyss, The (1989)",1,1,1,0,0,0,0,0,0,0,0,0,0,0,0,1,1,0,0,882396050
450,166,Manon of the Spring (Manon des sources) (1986),2,0,0,0,0,0,0,0,1,0,0,0,0,0,0,0,0,0,0,887660440
450,167,Private Benjamin (1980),2,0,0,0,0,1,0,0,0,0,0,0,0,0,0,0,0,0,0,882469863
450,168,Monty Python and the Holy Grail (1974),2,0,0,0,0,1,0,0,0,0,0,0,0,0,0,0,0,0,0,882376803
450,169,"Wrong Trousers, The (1993)",2,0,0,1,0,1,0,0,0,0,0,0,0,0,0,0,0,0,0,882371732
450,170,Cinema Paradiso (1988),2,0,0,0,0,1,0,0,1,0,0,0,0,0,1,0,0,0,0,887660440
450,172,"Empire Strikes Back, The (1980)",1,1,1,0,0,0,0,0,1,0,0,0,0,0,1,1,0,1,0,882372103
450,173,"Princess Bride, The (1987)",2,1,1,0,0,1,0,0,0,0,0,0,0,0,1,0,0,0,0,882371526
450,174,Raiders of the Lost Ark (1981),2,1,1,0,0,0,0,0,0,0,0,0,0,0,0,0,0,0,0,882374422
450,176,Aliens (1986),1,1,0,0,0,0,0,0,0,0,0,0,0,0,0,1,1,1,0,882373088
450,177,"Good, The Bad and The Ugly, The (1966)",1,1,0,0,0,0,0,0,0,0,0,0,0,0,0,0,0,0,1,887136369
450,178,12 Angry Men (1957),1,0,0,0,0,0,0,0,1,0,0,0,0,0,0,0,0,0,0,882394251
450,179,"Clockwork Orange, A (1971)",2,0,0,0,0,0,0,0,0,0,0,0,0,0,0,1,0,0,0,882394364
450,180,Apocalypse Now (1979),1,0,0,0,0,0,0,0,1,0,0,0,0,0,0,0,0,1,0,882373020
450,181,Return of the Jedi (1983),1,1,1,0,0,0,0,0,0,0,0,0,0,0,1,1,0,1,0,882372103
450,182,GoodFellas (1990),2,0,0,0,0,0,1,0,1,0,0,0,0,0,0,0,0,0,0,882376585
450,183,Alien (1979),1,1,0,0,0,0,0,0,0,0,0,1,0,0,0,1,1,0,0,882394180
450,185,Psycho (1960),2,0,0,0,0,0,0,0,0,0,0,1,0,0,1,0,1,0,0,882376365
450,186,"Blues Brothers, The (1980)",0,1,0,0,0,1,0,0,0,0,0,0,1,0,0,0,0,0,0,882396799
450,187,"Godfather: Part II, The (1974)",2,1,0,0,0,0,1,0,1,0,0,0,0,0,0,0,0,0,0,882373597
450,188,Full Metal Jacket (1987),0,1,0,0,0,0,0,0,1,0,0,0,0,0,0,0,0,1,0,882395778
450,190,Henry V (1989),1,0,0,0,0,0,0,0,1,0,0,0,0,0,0,0,0,1,0,882373385
450,191,Amadeus (1984),2,0,0,0,0,0,0,0,1,0,0,0,0,1,0,0,0,0,0,887660440
450,192,Raging Bull (1980),1,0,0,0,0,0,0,0,1,0,0,0,0,0,0,0,0,0,0,882467868
450,193,"Right Stuff, The (1983)",2,0,0,0,0,0,0,0,1,0,0,0,0,0,0,0,0,0,0,882372027
450,194,"Sting, The (1973)",2,0,0,0,0,1,1,0,0,0,0,0,0,0,0,0,0,0,0,882373786
450,195,"Terminator, The (1984)",1,1,0,0,0,0,0,0,0,0,0,0,0,0,0,1,1,0,0,882371826
450,196,Dead Poets Society (1989),2,0,0,0,0,0,0,0,1,0,0,0,0,0,0,0,0,0,0,882371526
450,197,"Graduate, The (1967)",2,0,0,0,0,0,0,0,1,0,0,0,0,0,1,0,0,0,0,882374059
450,199,"Bridge on the River Kwai, The (1957)",2,0,0,0,0,0,0,0,1,0,0,0,0,0,0,0,0,1,0,882371732
450,200,"Shining, The (1980)",0,0,0,0,0,0,0,0,0,0,0,1,0,0,0,0,0,0,0,882376188
450,202,Groundhog Day (1993),1,0,0,0,0,1,0,0,0,0,0,0,0,0,1,0,0,0,0,882397223
450,203,Unforgiven (1992),1,0,0,0,0,0,0,0,0,0,0,0,0,0,0,0,0,0,1,882396799
450,204,Back to the Future (1985),1,0,0,0,0,1,0,0,0,0,0,0,0,0,0,1,0,0,0,882377590
450,205,Patton (1970),1,0,0,0,0,0,0,0,1,0,0,0,0,0,0,0,0,1,0,882373531
450,207,Cyrano de Bergerac (1990),1,1,0,0,0,0,0,0,1,0,0,0,0,0,1,0,0,0,0,882374497
450,208,Young Frankenstein (1974),2,0,0,0,0,1,0,0,0,0,0,1,0,0,0,0,0,0,0,882377358
450,210,Indiana Jones and the Last Crusade (1989),0,1,1,0,0,0,0,0,0,0,0,0,0,0,0,0,0,0,0,887835408
450,211,M*A*S*H (1970),2,0,0,0,0,1,0,0,0,0,0,0,0,0,0,0,0,1,0,882373865
450,213,"Room with a View, A (1986)",1,0,0,0,0,0,0,0,1,0,0,0,0,0,1,0,0,0,0,882396351
450,214,Pink Floyd - The Wall (1982),-2,0,0,0,0,0,0,0,1,0,0,0,1,0,0,0,0,1,0,882371416
450,215,Field of Dreams (1989),2,0,0,0,0,0,0,0,1,0,0,0,0,0,0,0,0,0,0,882396051
450,216,When Harry Met Sally... (1989),2,0,0,0,0,1,0,0,0,0,0,0,0,0,1,0,0,0,0,882373657
450,218,Cape Fear (1991),1,0,0,0,0,0,0,0,0,0,0,0,0,0,0,0,1,0,0,882397224
450,220,"Mirror Has Two Faces, The (1996)",1,0,0,0,0,1,0,0,0,0,0,0,0,0,1,0,0,0,0,882394097
450,221,Breaking the Waves (1996),1,0,0,0,0,0,0,0,1,0,0,0,0,0,0,0,0,0,0,882395052
450,222,Star Trek: First Contact (1996),0,1,1,0,0,0,0,0,0,0,0,0,0,0,0,1,0,0,0,882395778
450,223,Sling Blade (1996),0,0,0,0,0,0,0,0,1,0,0,0,0,0,0,0,1,0,0,882371732
450,225,101 Dalmatians (1996),1,0,0,0,1,1,0,0,0,0,0,0,0,0,0,0,0,0,0,887662002
450,226,Die Hard 2 (1990),1,1,0,0,0,0,0,0,0,0,0,0,0,0,0,0,1,0,0,882474001
450,227,Star Trek VI: The Undiscovered Country (1991),0,1,1,0,0,0,0,0,0,0,0,0,0,0,0,1,0,0,0,882398313
450,228,Star Trek: The Wrath of Khan (1982),1,1,1,0,0,0,0,0,0,0,0,0,0,0,0,1,0,0,0,882373019
450,229,Star Trek III: The Search for Spock (1984),1,1,1,0,0,0,0,0,0,0,0,0,0,0,0,1,0,0,0,882474001
450,230,Star Trek IV: The Voyage Home (1986),1,1,1,0,0,0,0,0,0,0,0,0,0,0,0,1,0,0,0,882371732
450,231,Batman Returns (1992),0,1,1,0,0,1,1,0,0,0,0,0,0,0,0,0,0,0,0,887662002
450,232,Young Guns (1988),1,1,0,0,0,1,0,0,0,0,0,0,0,0,0,0,0,0,1,882398666
450,233,Under Siege (1992),0,1,0,0,0,0,0,0,0,0,0,0,0,0,0,0,0,0,0,882474001
450,234,Jaws (1975),0,1,0,0,0,0,0,0,0,0,0,1,0,0,0,0,0,0,0,882396245
450,235,Mars Attacks! (1996),0,1,0,0,0,1,0,0,0,0,0,0,0,0,0,1,0,1,0,887661217
450,237,Jerry Maguire (1996),2,0,0,0,0,0,0,0,1,0,0,0,0,0,1,0,0,0,0,887660650
450,238,Raising Arizona (1987),2,0,0,0,0,1,0,0,0,0,0,0,0,0,0,0,0,0,0,882396928
450,239,Sneakers (1992),2,0,0,0,0,0,1,0,1,0,0,0,0,0,0,1,0,0,0,882373865
450,241,"Last of the Mohicans, The (1992)",1,1,0,0,0,0,0,0,0,0,0,0,0,0,1,0,0,1,0,882376658
450,245,"Devil's Own, The (1997)",1,1,0,0,0,0,0,0,1,0,0,0,0,0,0,0,1,1,0,892141986
450,252,"Lost World: Jurassic Park, The (1997)",0,1,1,0,0,0,0,0,0,0,0,0,0,0,0,1,1,0,0,887834953
450,254,Batman & Robin (1997),0,1,1,0,0,0,1,0,0,0,0,0,0,0,0,0,0,0,0,887662083
450,258,Contact (1997),1,0,0,0,0,0,0,0,1,0,0,0,0,0,0,1,0,0,0,882216108
450,259,George of the Jungle (1997),0,0,0,0,1,1,0,0,0,0,0,0,0,0,0,0,0,0,0,887834953
450,260,Event Horizon (1997),-1,1,0,0,0,0,0,0,0,0,0,0,0,1,0,1,1,0,0,889568753
450,264,Mimic (1997),0,0,0,0,0,0,0,0,0,0,0,0,0,0,0,1,1,0,0,882370581
450,265,"Hunt for Red October, The (1990)",2,1,0,0,0,0,0,0,0,0,0,0,0,0,0,0,1,0,0,882371526
450,269,"Full Monty, The (1997)",2,0,0,0,0,1,0,0,0,0,0,0,0,0,0,0,0,0,0,882215617
450,270,Gattaca (1997),1,0,0,0,0,0,0,0,1,0,0,0,0,0,0,1,1,0,0,882216108
450,272,Good Will Hunting (1997),2,0,0,0,0,0,0,0,1,0,0,0,0,0,0,0,0,0,0,886449009
450,273,Heat (1995),0,1,0,0,0,0,1,0,0,0,0,0,0,0,0,0,1,0,0,882377726
450,274,Sabrina (1995),1,0,0,0,0,1,0,0,0,0,0,0,0,0,1,0,0,0,0,882469627
450,275,Sense and Sensibility (1995),1,0,0,0,0,0,0,0,1,0,0,0,0,0,1,0,0,0,0,882372178
450,277,Restoration (1995),0,0,0,0,0,0,0,0,1,0,0,0,0,0,0,0,0,0,0,882397223
450,278,Bed of Roses (1996),2,0,0,0,0,0,0,0,1,0,0,0,0,0,1,0,0,0,0,882473476
450,280,Up Close and Personal (1996),1,0,0,0,0,0,0,0,1,0,0,0,0,0,1,0,0,0,0,882397940
450,281,"River Wild, The (1994)",1,1,0,0,0,0,0,0,0,0,0,0,0,0,0,0,1,0,0,882399664
450,282,"Time to Kill, A (1996)",2,0,0,0,0,0,0,0,1,0,0,0,0,0,0,0,0,0,0,882377653
450,283,Emma (1996),0,0,0,0,0,0,0,0,1,0,0,0,0,0,1,0,0,0,0,887661961
450,284,Tin Cup (1996),1,0,0,0,0,1,0,0,0,0,0,0,0,0,1,0,0,0,0,887139517
450,286,"English Patient, The (1996)",1,0,0,0,0,0,0,0,1,0,0,0,0,0,1,0,0,1,0,882215617
450,287,Marvin's Room (1996),1,0,0,0,0,0,0,0,1,0,0,0,0,0,0,0,0,0,0,887660504
450,288,Scream (1996),0,0,0,0,0,0,0,0,0,0,0,1,0,0,0,0,1,0,0,884097913
450,290,Fierce Creatures (1997),1,0,0,0,0,1,0,0,0,0,0,0,0,0,0,0,0,0,0,882399509
450,292,Rosewood (1997),2,0,0,0,0,0,0,0,1,0,0,0,0,0,0,0,0,0,0,882215922
450,294,Liar Liar (1997),1,0,0,0,0,1,0,0,0,0,0,0,0,0,0,0,0,0,0,882370316
450,299,Hoodlum (1997),-1,0,0,0,0,0,1,0,1,0,1,0,0,0,0,0,0,0,0,889568793
450,300,Air Force One (1997),1,1,0,0,0,0,0,0,0,0,0,0,0,0,0,0,1,0,0,882216475
450,301,In & Out (1997),1,0,0,0,0,1,0,0,0,0,0,0,0,0,0,0,0,0,0,882216475
450,302,L.A. Confidential (1997),2,0,0,0,0,0,1,0,0,0,1,0,0,1,0,0,1,0,0,882215617
450,304,Fly Away Home (1996),1,0,1,0,1,0,0,0,0,0,0,0,0,0,0,0,0,0,0,882216108
450,305,"Ice Storm, The (1997)",1,0,0,0,0,0,0,0,1,0,0,0,0,0,0,0,0,0,0,885944806
450,307,"Devil's Advocate, The (1997)",2,0,0,0,0,0,1,0,0,0,0,1,0,1,0,0,1,0,0,882216475
450,310,"Rainmaker, The (1997)",1,0,0,0,0,0,0,0,1,0,0,0,0,0,0,0,0,0,0,887660650
450,311,"Wings of the Dove, The (1997)",1,0,0,0,0,0,0,0,1,0,0,0,0,0,1,0,1,0,0,885945425
450,312,Midnight in the Garden of Good and Evil (1997),1,0,0,0,0,1,1,0,1,0,0,0,0,1,0,0,0,0,0,882812205
450,313,Titanic (1997),2,1,0,0,0,0,0,0,1,0,0,0,0,0,1,0,0,0,0,882811655
450,315,Apt Pupil (1998),1,0,0,0,0,0,0,0,1,0,0,0,0,0,0,0,1,0,0,884098435
450,316,As Good As It Gets (1997),1,0,0,0,0,1,0,0,1,0,0,0,0,0,0,0,0,0,0,889568753
450,318,Schindler's List (1993),2,0,0,0,0,0,0,0,1,0,0,0,0,0,0,0,0,1,0,882373531
450,322,Murder at 1600 (1997),1,0,0,0,0,0,0,0,0,0,0,0,0,1,0,0,1,0,0,882370316
450,328,Conspiracy Theory (1997),1,1,0,0,0,0,0,0,0,0,0,0,0,1,1,0,1,0,0,886449488
450,332,Kiss the Girls (1997),1,0,0,0,0,0,1,0,1,0,0,0,0,0,0,0,1,0,0,882369964
450,336,Playing God (1997),0,0,0,0,0,0,1,0,0,0,0,0,0,0,0,0,1,0,0,882370464
450,340,Boogie Nights (1997),1,0,0,0,0,0,0,0,1,0,0,0,0,0,0,0,0,0,0,882216178
450,345,Deconstructing Harry (1997),-1,0,0,0,0,1,0,0,1,0,0,0,0,0,0,0,0,0,0,884906309
450,347,Wag the Dog (1997),1,0,0,0,0,1,0,0,1,0,0,0,0,0,0,0,0,0,0,887047775
450,354,"Wedding Singer, The (1998)",1,0,0,0,0,1,0,0,0,0,0,0,0,0,1,0,0,0,0,892141784
450,356,"Client, The (1994)",1,0,0,0,0,0,0,0,1,0,0,0,0,1,0,0,1,0,0,887138756
450,357,One Flew Over the Cuckoo's Nest (1975),2,0,0,0,0,0,0,0,1,0,0,0,0,0,0,0,0,0,0,882373531
450,366,Dangerous Minds (1995),0,0,0,0,0,0,0,0,1,0,0,0,0,0,0,0,0,0,0,882396489
450,367,Clueless (1995),0,0,0,0,0,1,0,0,0,0,0,0,0,0,0,0,0,0,0,882376282
450,371,"Bridges of Madison County, The (1995)",0,0,0,0,0,0,0,0,1,0,0,0,0,0,1,0,0,0,0,887661961
450,372,Jeffrey (1995),1,0,0,0,0,1,0,0,0,0,0,0,0,0,0,0,0,0,0,882396245
450,373,Judge Dredd (1995),0,1,1,0,0,0,0,0,0,0,0,0,0,0,0,1,0,0,0,887834953
450,378,Miracle on 34th Street (1994),2,0,0,0,0,0,0,0,1,0,0,0,0,0,0,0,0,0,0,882373995
450,380,Star Trek: Generations (1994),2,1,1,0,0,0,0,0,0,0,0,0,0,0,0,1,0,0,0,882398939
450,381,Muriel's Wedding (1994),-1,0,0,0,0,1,0,0,0,0,0,0,0,0,1,0,0,0,0,882374497
450,382,"Adventures of Priscilla, Queen of the Desert, The (1994)",0,0,0,0,0,1,0,0,1,0,0,0,0,0,0,0,0,0,0,882377479
450,383,"Flintstones, The (1994)",-1,0,0,0,1,1,0,0,0,0,0,0,0,0,0,0,0,0,0,882468790
450,384,Naked Gun 33 1/3: The Final Insult (1994),0,0,0,0,0,1,0,0,0,0,0,0,0,0,0,0,0,0,0,882471524
450,385,True Lies (1994),1,1,1,0,0,1,0,0,0,0,0,0,0,0,1,0,0,0,0,882396489
450,386,Addams Family Values (1993),1,0,0,0,0,1,0,0,0,0,0,0,0,0,0,0,0,0,0,882397049
450,387,"Age of Innocence, The (1993)",2,0,0,0,0,0,0,0,1,0,0,0,0,0,0,0,0,0,0,882376446
450,388,Beverly Hills Cop III (1994),0,1,0,0,0,1,0,0,0,0,0,0,0,0,0,0,0,0,0,882471604
450,389,Black Beauty (1994),1,0,1,0,1,0,0,0,0,0,0,0,0,0,0,0,0,0,0,882396051
450,392,"Man Without a Face, The (1993)",1,0,0,0,0,0,0,0,1,0,0,0,0,0,0,0,0,0,0,887660762
450,393,Mrs. Doubtfire (1993),1,0,0,0,0,1,0,0,0,0,0,0,0,0,0,0,0,0,0,882812349
450,395,Robin Hood: Men in Tights (1993),0,0,0,0,0,1,0,0,0,0,0,0,0,0,0,0,0,0,0,882470642
450,396,Serial Mom (1994),-1,0,0,0,0,1,1,0,0,0,0,1,0,0,0,0,0,0,0,882469941
450,399,"Three Musketeers, The (1993)",1,1,1,0,0,1,0,0,0,0,0,0,0,0,0,0,0,0,0,882468239
450,400,"Little Rascals, The (1994)",0,0,0,0,1,1,0,0,0,0,0,0,0,0,0,0,0,0,0,882468790
450,401,"Brady Bunch Movie, The (1995)",0,0,0,0,0,1,0,0,0,0,0,0,0,0,0,0,0,0,0,882397224
450,402,Ghost (1990),1,0,0,0,0,1,0,0,0,0,0,0,0,0,1,0,1,0,0,882395662
450,403,Batman (1989),1,1,1,0,0,0,1,0,1,0,0,0,0,0,0,0,0,0,0,887660440
450,405,Mission: Impossible (1996),1,1,1,0,0,0,0,0,0,0,0,0,0,1,0,0,0,0,0,882474001
450,414,My Favorite Year (1982),0,0,0,0,0,1,0,0,0,0,0,0,0,0,0,0,0,0,0,882396564
450,415,"Apple Dumpling Gang, The (1975)",0,0,0,0,1,1,0,0,0,0,0,0,0,0,0,0,0,0,1,882398220
450,416,Old Yeller (1957),2,0,0,0,1,0,0,0,1,0,0,0,0,0,0,0,0,0,0,882395779
450,417,"Parent Trap, The (1961)",1,0,0,0,1,0,0,0,1,0,0,0,0,0,0,0,0,0,0,882376365
450,418,Cinderella (1950),1,0,0,1,1,0,0,0,0,0,0,0,1,0,0,0,0,0,0,882395914
450,419,Mary Poppins (1964),2,0,0,0,1,1,0,0,0,0,0,0,1,0,0,0,0,0,0,887660504
450,421,William Shakespeare's Romeo and Juliet (1996),1,0,0,0,0,0,0,0,1,0,0,0,0,0,1,0,0,0,0,887834823
450,422,Aladdin and the King of Thieves (1996),0,0,0,1,1,1,0,0,0,0,0,0,0,0,0,0,0,0,0,882467991
450,423,E.T. the Extra-Terrestrial (1982),2,0,0,0,1,0,0,0,1,1,0,0,0,0,0,1,0,0,0,882371904
450,427,To Kill a Mockingbird (1962),2,0,0,0,0,0,0,0,1,0,0,0,0,0,0,0,0,0,0,882371415
450,428,Harold and Maude (1971),1,0,0,0,0,1,0,0,0,0,0,0,0,0,0,0,0,0,0,887660722
450,430,Duck Soup (1933),1,0,0,0,0,1,0,0,0,0,0,0,0,0,0,0,0,1,0,882377590
450,431,Highlander (1986),2,1,1,0,0,0,0,0,0,0,0,0,0,0,0,0,0,0,0,882473914
450,432,Fantasia (1940),1,0,0,1,1,0,0,0,0,0,0,0,1,0,0,0,0,0,0,882377861
450,433,Heathers (1989),0,0,0,0,0,1,0,0,0,0,0,0,0,0,0,0,0,0,0,882469061
450,434,Forbidden Planet (1956),0,0,0,0,0,0,0,0,0,0,0,0,0,0,0,1,0,0,0,882372027
450,435,Butch Cassidy and the Sundance Kid (1969),1,1,0,0,0,1,0,0,0,0,0,0,0,0,0,0,0,0,1,882374332
450,443,"Birds, The (1963)",1,0,0,0,0,0,0,0,0,0,0,1,0,0,0,0,0,0,0,882377861
450,448,"Omen, The (1976)",1,0,0,0,0,0,0,0,0,0,0,1,0,0,0,0,0,0,0,882371526
450,451,Grease (1978),1,0,0,0,0,1,0,0,0,0,0,0,1,0,1,0,0,0,0,882398220
450,455,Jackie Chan's First Strike (1996),1,1,0,0,0,0,0,0,0,0,0,0,0,0,0,0,0,0,0,882376188
450,457,Free Willy 3: The Rescue (1997),-1,0,1,0,1,0,0,0,1,0,0,0,0,0,0,0,0,0,0,882466909
450,462,Like Water For Chocolate (Como agua para chocolate) (1992),1,0,0,0,0,0,0,0,1,0,0,0,0,0,1,0,0,0,0,882396928
450,465,"Jungle Book, The (1994)",1,0,1,0,1,0,0,0,0,0,0,0,0,0,1,0,0,0,0,887834823
450,467,"Bronx Tale, A (1993)",1,0,0,0,0,0,0,0,1,0,0,0,0,0,0,0,0,0,0,882374332
450,468,Rudy (1993),1,0,0,0,0,0,0,0,1,0,0,0,0,0,0,0,0,0,0,882376803
450,469,Short Cuts (1993),1,0,0,0,0,0,0,0,1,0,0,0,0,0,0,0,0,0,0,882396153
450,470,Tombstone (1993),2,0,0,0,0,0,0,0,0,0,0,0,0,0,0,0,0,0,1,887139517
450,471,Courage Under Fire (1996),1,0,0,0,0,0,0,0,1,0,0,0,0,0,0,0,0,1,0,882396153
450,472,Dragonheart (1996),1,1,1,0,0,0,0,0,0,1,0,0,0,0,0,0,0,0,0,882397813
450,474,Dr. Strangelove or: How I Learned to Stop Worrying and Love the Bomb (1963),2,0,0,0,0,0,0,0,0,0,0,0,0,0,0,1,0,1,0,882812558
450,476,"First Wives Club, The (1996)",1,0,0,0,0,1,0,0,0,0,0,0,0,0,0,0,0,0,0,882469306
450,477,Matilda (1996),1,0,0,0,1,1,0,0,0,0,0,0,0,0,0,0,0,0,0,887660762
450,478,"Philadelphia Story, The (1940)",2,0,0,0,0,1,0,0,0,0,0,0,0,0,1,0,0,0,0,887835272
450,479,Vertigo (1958),1,0,0,0,0,0,0,0,0,0,0,0,0,1,0,0,1,0,0,882371526
450,480,North by Northwest (1959),1,0,0,0,0,1,0,0,0,0,0,0,0,0,0,0,1,0,0,882372178
450,481,"Apartment, The (1960)",2,0,0,0,0,1,0,0,1,0,0,0,0,0,0,0,0,0,0,882373231
450,482,Some Like It Hot (1959),2,0,0,0,0,1,1,0,0,0,0,0,0,0,0,0,0,0,0,882371904
450,483,Casablanca (1942),0,0,0,0,0,0,0,0,1,0,0,0,0,0,1,0,0,1,0,882371826
450,484,"Maltese Falcon, The (1941)",0,0,0,0,0,0,0,0,0,0,1,0,0,1,0,0,0,0,0,887662002
450,485,My Fair Lady (1964),2,0,0,0,0,0,0,0,0,0,0,0,1,0,1,0,0,0,0,882373088
450,487,Roman Holiday (1953),1,0,0,0,0,1,0,0,0,0,0,0,0,0,1,0,0,0,0,887660504
450,488,Sunset Blvd. (1950),1,0,0,0,0,0,0,0,0,0,1,0,0,0,0,0,0,0,0,882371415
450,489,Notorious (1946),1,0,0,0,0,0,0,0,0,0,1,0,0,0,1,0,1,0,0,882373464
450,490,To Catch a Thief (1955),2,0,0,0,0,1,0,0,0,0,0,0,0,0,1,0,1,0,0,882373786
450,491,"Adventures of Robin Hood, The (1938)",0,1,1,0,0,0,0,0,0,0,0,0,0,0,0,0,0,0,0,882373297
450,492,East of Eden (1955),2,0,0,0,0,0,0,0,1,0,0,0,0,0,0,0,0,0,0,882397049
450,493,"Thin Man, The (1934)",1,0,0,0,0,0,0,0,0,0,0,0,0,1,0,0,0,0,0,887660722
450,494,His Girl Friday (1940),0,0,0,0,0,1,0,0,0,0,0,0,0,0,0,0,0,0,0,882373385
450,495,Around the World in 80 Days (1956),1,0,1,0,0,1,0,0,0,0,0,0,0,0,0,0,0,0,0,882395052
450,496,It's a Wonderful Life (1946),2,0,0,0,0,0,0,0,1,0,0,0,0,0,0,0,0,0,0,882373532
450,497,Bringing Up Baby (1938),2,0,0,0,0,1,0,0,0,0,0,0,0,0,0,0,0,0,0,882374422
450,498,"African Queen, The (1951)",0,1,1,0,0,0,0,0,0,0,0,0,0,0,1,0,0,1,0,882396351
450,499,Cat on a Hot Tin Roof (1958),2,0,0,0,0,0,0,0,1,0,0,0,0,0,0,0,0,0,0,882372178
450,500,Fly Away Home (1996),1,0,1,0,1,0,0,0,0,0,0,0,0,0,0,0,0,0,0,882376188
450,501,Dumbo (1941),1,0,0,1,1,0,0,0,0,0,0,0,1,0,0,0,0,0,0,882371416
450,502,Bananas (1971),2,0,0,0,0,1,0,0,0,0,0,0,0,0,0,0,0,1,0,882469061
450,503,"Candidate, The (1972)",1,0,0,0,0,0,0,0,1,0,0,0,0,0,0,0,0,0,0,882371311
450,504,Bonnie and Clyde (1967),2,0,0,0,0,0,1,0,1,0,0,0,0,0,0,0,0,0,0,882377590
450,505,Dial M for Murder (1954),2,0,0,0,0,0,0,0,0,0,0,0,0,1,0,0,1,0,0,882376658
450,506,Rebel Without a Cause (1955),2,0,0,0,0,0,0,0,1,0,0,0,0,0,0,0,0,0,0,882373088
450,507,"Streetcar Named Desire, A (1951)",2,0,0,0,0,0,0,0,1,0,0,0,0,0,0,0,0,0,0,882373020
450,509,My Left Foot (1989),1,0,0,0,0,0,0,0,1,0,0,0,0,0,0,0,0,0,0,882398567
450,510,"Magnificent Seven, The (1954)",1,1,0,0,0,0,0,0,1,0,0,0,0,0,0,0,0,0,1,887660722
450,511,Lawrence of Arabia (1962),2,0,1,0,0,0,0,0,0,0,0,0,0,0,0,0,0,1,0,882372178
450,514,Annie Hall (1977),2,0,0,0,0,1,0,0,0,0,0,0,0,0,1,0,0,0,0,882468931
450,516,Local Hero (1983),2,0,0,0,0,1,0,0,0,0,0,0,0,0,0,0,0,0,0,882396564
450,518,Miller's Crossing (1990),1,0,0,0,0,0,0,0,1,0,0,0,0,0,0,0,0,0,0,882374134
450,519,"Treasure of the Sierra Madre, The (1948)",1,0,1,0,0,0,0,0,0,0,0,0,0,0,0,0,0,0,0,887660820
450,520,"Great Escape, The (1963)",2,0,1,0,0,0,0,0,0,0,0,0,0,0,0,0,0,1,0,887136083
450,521,"Deer Hunter, The (1978)",1,0,0,0,0,0,0,0,1,0,0,0,0,0,0,0,0,1,0,882394180
450,523,Cool Hand Luke (1967),2,0,0,0,0,1,0,0,1,0,0,0,0,0,0,0,0,0,0,882371904
450,525,"Big Sleep, The (1946)",0,0,0,0,0,0,0,0,0,0,1,0,0,1,0,0,0,0,0,882467271
450,526,Ben-Hur (1959),1,1,1,0,0,0,0,0,1,0,0,0,0,0,0,0,0,0,0,882396245
450,527,Gandhi (1982),2,0,0,0,0,0,0,0,1,0,0,0,0,0,0,0,0,0,0,882374059
450,528,"Killing Fields, The (1984)",2,0,0,0,0,0,0,0,1,0,0,0,0,0,0,0,0,1,0,882371526
450,530,"Man Who Would Be King, The (1975)",0,0,1,0,0,0,0,0,0,0,0,0,0,0,0,0,0,0,0,887661843
450,535,Addicted to Love (1997),0,0,0,0,0,1,0,0,0,0,0,0,0,0,1,0,0,0,0,882812636
450,546,Broken Arrow (1996),1,1,0,0,0,0,0,0,0,0,0,0,0,0,0,0,1,0,0,887139019
450,549,Rob Roy (1995),0,0,0,0,0,0,0,0,1,0,0,0,0,0,1,0,0,1,0,882377358
450,550,Die Hard: With a Vengeance (1995),1,1,0,0,0,0,0,0,0,0,0,0,0,0,0,0,1,0,0,882473915
450,553,"Walk in the Clouds, A (1995)",-1,0,0,0,0,0,0,0,1,0,0,0,0,0,1,0,0,0,0,882373928
450,557,Farinelli: il castrato (1994),2,0,0,0,0,0,0,0,1,0,0,0,1,0,0,0,0,0,0,882472306
450,558,Heavenly Creatures (1994),0,0,0,0,0,0,0,0,1,1,0,0,0,0,0,0,1,0,0,882396050
450,559,Interview with the Vampire (1994),0,0,0,0,0,0,0,0,1,0,0,1,0,0,0,0,0,0,0,882376446
450,561,Mary Shelley's Frankenstein (1994),1,0,0,0,0,0,0,0,1,0,0,1,0,0,0,0,0,0,0,887660762
450,566,Clear and Present Danger (1994),1,1,1,0,0,0,0,0,0,0,0,0,0,0,0,0,1,0,0,882373928
450,568,Speed (1994),1,1,0,0,0,0,0,0,0,0,0,0,0,0,1,0,1,0,0,882397939
450,570,Wyatt Earp (1994),1,0,0,0,0,0,0,0,0,0,0,0,0,0,0,0,0,0,1,887139728
450,571,Another Stakeout (1993),-1,0,0,0,0,1,0,0,0,0,0,0,0,0,0,0,1,0,0,882471604
450,582,"Piano, The (1993)",1,0,0,0,0,0,0,0,1,0,0,0,0,0,1,0,0,0,0,882394097
450,583,Romeo Is Bleeding (1993),1,0,0,0,0,0,1,0,0,0,0,0,0,0,0,0,1,0,0,882473914
450,584,"Secret Garden, The (1993)",2,0,0,0,1,0,0,0,1,0,0,0,0,0,0,0,0,0,0,882397223
450,588,Beauty and the Beast (1991),1,0,0,1,1,0,0,0,0,0,0,0,1,0,0,0,0,0,0,882376658
450,589,"Wild Bunch, The (1969)",0,0,0,0,0,0,0,0,0,0,0,0,0,0,0,0,0,0,1,882813241
450,591,Primal Fear (1996),1,0,0,0,0,0,0,0,1,0,0,0,0,0,0,0,1,0,0,887660762
450,597,Eraser (1996),1,1,0,0,0,0,0,0,0,0,0,0,0,0,0,0,1,0,0,882473914
450,601,For Whom the Bell Tolls (1943),0,0,1,0,0,0,0,0,0,0,0,0,0,0,0,0,0,1,0,882376658
450,602,"American in Paris, An (1951)",1,0,0,0,0,0,0,0,0,0,0,0,1,0,1,0,0,0,0,882373532
450,603,Rear Window (1954),2,0,0,0,0,0,0,0,0,0,0,0,0,1,0,0,1,0,0,882373088
450,604,It Happened One Night (1934),1,0,0,0,0,1,0,0,0,0,0,0,0,0,0,0,0,0,0,882373231
450,606,All About Eve (1950),2,0,0,0,0,0,0,0,1,0,0,0,0,0,0,0,0,0,0,882371904
450,607,Rebecca (1940),2,0,0,0,0,0,0,0,0,0,0,0,0,0,1,0,1,0,0,887135753
450,608,Spellbound (1945),1,0,0,0,0,0,0,0,0,0,0,0,0,1,1,0,1,0,0,882373088
450,609,Father of the Bride (1950),2,0,0,0,0,1,0,0,0,0,0,0,0,0,0,0,0,0,0,882398312
450,610,Gigi (1958),1,0,0,0,0,0,0,0,0,0,0,0,1,0,0,0,0,0,0,882371904
450,611,Laura (1944),2,0,0,0,0,0,1,0,0,0,1,0,0,1,0,0,0,0,0,887135833
450,612,Lost Horizon (1937),1,0,0,0,0,0,0,0,1,0,0,0,0,0,0,0,0,0,0,882396564
450,613,My Man Godfrey (1936),1,0,0,0,0,1,0,0,0,0,0,0,0,0,0,0,0,0,0,887660650
450,614,Giant (1956),1,0,0,0,0,0,0,0,1,0,0,0,0,0,0,0,0,0,0,882377479
450,616,Night of the Living Dead (1968),1,0,0,0,0,0,0,0,0,0,0,1,0,0,0,1,0,0,0,882373597
450,618,Picnic (1955),1,0,0,0,0,0,0,0,1,0,0,0,0,0,0,0,0,0,0,882373995
450,619,Extreme Measures (1996),0,0,0,0,0,0,0,0,1,0,0,0,0,0,0,0,1,0,0,882377861
450,620,"Chamber, The (1996)",1,0,0,0,0,0,0,0,1,0,0,0,0,0,0,0,0,0,0,882399818
450,622,Swiss Family Robinson (1960),2,0,1,0,1,0,0,0,0,0,0,0,0,0,0,0,0,0,0,882468239
450,627,Robin Hood: Prince of Thieves (1991),0,0,0,0,0,0,0,0,1,0,0,0,0,0,0,0,0,0,0,882396489
450,628,Sleepers (1996),1,0,0,0,0,0,1,0,1,0,0,0,0,0,0,0,0,0,0,882377590
450,629,Victor/Victoria (1982),1,0,0,0,0,1,0,0,0,0,0,0,1,0,0,0,0,0,0,882397940
450,630,"Great Race, The (1965)",0,0,0,0,0,1,0,0,0,0,0,0,1,0,0,0,0,0,0,882376188
450,631,"Crying Game, The (1992)",1,1,0,0,0,0,0,0,1,0,0,0,0,0,1,0,0,1,0,882394251
450,632,Sophie's Choice (1982),2,0,0,0,0,0,0,0,1,0,0,0,0,0,0,0,0,0,0,882395914
450,633,"Christmas Carol, A (1938)",2,0,0,0,0,0,0,0,1,0,0,0,0,0,0,0,0,0,0,887660440
450,637,"Howling, The (1981)",1,0,0,0,0,1,0,0,0,0,0,1,0,0,0,0,0,0,0,882395662
450,642,"Grifters, The (1990)",1,0,0,0,0,0,1,0,1,0,1,0,0,0,0,0,0,0,0,882397939
450,647,Ran (1985),1,0,0,0,0,0,0,0,1,0,0,0,0,0,0,0,0,1,0,887136622
450,648,"Quiet Man, The (1952)",2,0,0,0,0,1,0,0,0,0,0,0,0,0,1,0,0,0,0,887660503
450,650,"Seventh Seal, The (Sjunde inseglet, Det) (1957)",1,0,0,0,0,0,0,0,1,0,0,0,0,0,0,0,0,0,0,882376446
450,651,Glory (1989),2,1,0,0,0,0,0,0,1,0,0,0,0,0,0,0,0,1,0,882376658
450,654,Chinatown (1974),1,0,0,0,0,0,0,0,0,0,1,0,0,1,0,0,1,0,0,882373928
450,655,Stand by Me (1986),1,0,1,0,0,1,0,0,1,0,0,0,0,0,0,0,0,0,0,882377653
450,657,"Manchurian Candidate, The (1962)",1,0,0,0,0,0,0,0,0,0,1,0,0,0,0,0,1,0,0,887660504
450,659,Arsenic and Old Lace (1944),2,0,0,0,0,1,0,0,0,0,0,0,0,1,0,0,1,0,0,882374217
450,660,Fried Green Tomatoes (1991),1,0,0,0,0,0,0,0,1,0,0,0,0,0,0,0,0,0,0,887660762
450,661,High Noon (1952),0,0,0,0,0,0,0,0,0,0,0,0,0,0,0,0,0,0,1,882373231
450,662,Somewhere in Time (1980),1,0,0,0,0,0,0,0,1,0,0,0,0,0,1,0,0,0,0,882395914
450,663,Being There (1979),1,0,0,0,0,1,0,0,0,0,0,0,0,0,0,0,0,0,0,882373019
450,671,Bride of Frankenstein (1935),0,0,0,0,0,0,0,0,0,0,0,1,0,0,0,0,0,0,0,882371416
450,673,Cape Fear (1962),0,0,0,0,0,0,0,0,0,0,1,0,0,0,0,0,1,0,0,882396928
450,679,Conan the Barbarian (1981),-2,1,1,0,0,0,0,0,0,0,0,0,0,0,0,0,0,0,0,882374422
450,685,Executive Decision (1996),1,1,0,0,0,0,0,0,0,0,0,0,0,0,0,0,1,0,0,882374134
450,686,"Perfect World, A (1993)",1,1,0,0,0,0,0,0,1,0,0,0,0,0,0,0,0,0,0,882473826
450,689,"Jackal, The (1997)",0,1,0,0,0,0,0,0,0,0,0,0,0,0,0,0,1,0,0,882216026
450,692,"American President, The (1995)",1,0,0,0,0,1,0,0,1,0,0,0,0,0,1,0,0,0,0,882373724
450,693,Casino (1995),0,0,0,0,0,0,0,0,1,0,0,0,0,0,0,0,0,0,0,887139232
450,696,City Hall (1996),1,0,0,0,0,0,0,0,1,0,0,0,0,0,0,0,1,0,0,882398666
450,699,Little Women (1994),1,0,0,0,0,0,0,0,1,0,0,0,0,0,0,0,0,0,0,882395537
450,700,Miami Rhapsody (1995),-2,0,0,0,0,1,0,0,0,0,0,0,0,0,0,0,0,0,0,882469863
450,702,Barcelona (1994),1,0,0,0,0,1,0,0,0,0,0,0,0,0,1,0,0,0,0,882371904
450,704,"House of the Spirits, The (1993)",0,0,0,0,0,0,0,0,1,0,0,0,0,0,1,0,0,0,0,882372178
450,705,Singin' in the Rain (1952),1,0,0,0,0,0,0,0,0,0,0,0,1,0,1,0,0,0,0,882373656
450,707,Enchanted April (1991),2,0,0,0,0,0,0,0,1,0,0,0,0,0,0,0,0,0,0,882373786
450,708,"Sex, Lies, and Videotape (1989)",1,0,0,0,0,0,0,0,1,0,0,0,0,0,0,0,0,0,0,882397049
450,709,Strictly Ballroom (1992),0,0,0,0,0,1,0,0,0,0,0,0,0,0,1,0,0,0,0,882371826
450,710,Better Off Dead... (1985),0,0,0,0,0,1,0,0,0,0,0,0,0,0,0,0,0,0,0,882468931
450,712,Tin Men (1987),0,0,0,0,0,1,0,0,1,0,0,0,0,0,0,0,0,0,0,882470642
450,713,Othello (1995),0,0,0,0,0,0,0,0,1,0,0,0,0,0,0,0,0,0,0,882395778
450,714,Carrington (1995),1,0,0,0,0,0,0,0,1,0,0,0,0,0,1,0,0,0,0,882472144
450,715,To Die For (1995),0,0,0,0,0,1,0,0,1,0,0,0,0,0,0,0,0,0,0,887137066
450,716,Home for the Holidays (1995),1,0,0,0,0,0,0,0,1,0,0,0,0,0,1,0,0,0,0,882469166
450,717,"Juror, The (1996)",1,0,0,0,0,0,0,0,1,0,0,0,0,0,0,0,1,0,0,887834953
450,722,Nine Months (1995),2,0,0,0,0,1,0,0,0,0,0,0,0,0,0,0,0,0,0,882471524
450,723,Boys on the Side (1995),0,0,0,0,0,1,0,0,1,0,0,0,0,0,0,0,0,0,0,882399818
450,724,Circle of Friends (1995),2,0,0,0,0,0,0,0,1,0,0,0,0,0,1,0,0,0,0,882395537
450,725,Exit to Eden (1994),0,0,0,0,0,1,0,0,0,0,0,0,0,0,0,0,0,0,0,882469863
450,727,Immortal Beloved (1994),1,0,0,0,0,0,0,0,1,0,0,0,0,0,1,0,0,0,0,882812635
450,728,Junior (1994),0,0,0,0,0,1,0,0,0,0,0,0,0,0,0,1,0,0,0,887834953
450,729,Nell (1994),1,0,0,0,0,0,0,0,1,0,0,0,0,0,0,0,0,0,0,887139517
450,731,"Corrina, Corrina (1994)",0,0,0,0,0,1,0,0,1,0,0,0,0,0,1,0,0,0,0,882398084
450,732,Dave (1993),0,0,0,0,0,1,0,0,0,0,0,0,0,0,1,0,0,0,0,882395662
450,734,Made in America (1993),-1,0,0,0,0,1,0,0,0,0,0,0,0,0,0,0,0,0,0,882471737
450,735,Philadelphia (1993),1,0,0,0,0,0,0,0,1,0,0,0,0,0,0,0,0,0,0,882377590
450,736,Shadowlands (1993),2,0,0,0,0,0,0,0,1,0,0,0,0,0,1,0,0,0,0,882395167
450,739,Pretty Woman (1990),1,0,0,0,0,1,0,0,0,0,0,0,0,0,1,0,0,0,0,887660650
450,741,"Last Supper, The (1995)",0,0,0,0,0,0,0,0,1,0,0,0,0,0,0,0,1,0,0,882376282
450,742,Ransom (1996),1,0,0,0,0,0,0,0,1,0,0,0,0,0,0,0,1,0,0,882396564
450,747,Benny & Joon (1993),1,0,0,0,0,1,0,0,0,0,0,0,0,0,1,0,0,0,0,882395166
450,748,"Saint, The (1997)",1,1,0,0,0,0,0,0,0,0,0,0,0,0,1,0,1,0,0,882370410
450,749,"MatchMaker, The (1997)",1,0,0,0,0,1,0,0,0,0,0,0,0,0,1,0,0,0,0,892141807
450,750,Amistad (1997),0,0,0,0,0,0,0,0,1,0,0,0,0,0,0,0,0,0,0,884098229
450,751,Tomorrow Never Dies (1997),2,1,0,0,0,0,0,0,0,0,0,0,0,0,1,0,1,0,0,885945114
450,756,Father of the Bride Part II (1995),0,0,0,0,0,1,0,0,0,0,0,0,0,0,0,0,0,0,0,882398940
450,761,Nick of Time (1995),1,1,0,0,0,0,0,0,0,0,0,0,0,0,0,0,1,0,0,882398939
450,762,Beautiful Girls (1996),0,0,0,0,0,0,0,0,1,0,0,0,0,0,0,0,0,0,0,882469627
450,765,Boomerang (1992),0,0,0,0,0,1,0,0,0,0,0,0,0,0,1,0,0,0,0,882471362
450,771,Johnny Mnemonic (1995),0,1,0,0,0,0,0,0,0,0,0,0,0,0,0,1,1,0,0,887835478
450,774,"Prophecy, The (1995)",1,0,0,0,0,0,0,0,0,0,0,1,0,0,0,0,0,0,0,882399818
450,775,Something to Talk About (1995),1,0,0,0,0,1,0,0,1,0,0,0,0,0,1,0,0,0,0,882469432
450,776,Three Wishes (1995),1,0,0,0,0,0,0,0,1,0,0,0,0,0,0,0,0,0,0,882468402
450,778,Don Juan DeMarco (1995),0,0,0,0,0,1,0,0,1,0,0,0,0,0,1,0,0,0,0,887834953
450,781,French Kiss (1995),1,0,0,0,0,1,0,0,0,0,0,0,0,0,1,0,0,0,0,882398220
450,783,Milk Money (1994),0,0,0,0,0,1,0,0,0,0,0,0,0,0,1,0,0,0,0,882399818
450,785,Only You (1994),0,0,0,0,0,1,0,0,0,0,0,0,0,0,1,0,0,0,0,882395537
450,790,Tommy Boy (1995),-1,0,0,0,0,1,0,0,0,0,0,0,0,0,0,0,0,0,0,882374332
450,792,Bullets Over Broadway (1994),1,0,0,0,0,1,0,0,0,0,0,0,0,0,0,0,0,0,0,882396050
450,794,It Could Happen to You (1994),2,0,0,0,0,0,0,0,1,0,0,0,0,0,1,0,0,0,0,882473476
450,795,Richie Rich (1994),0,0,0,0,1,1,0,0,0,0,0,0,0,0,0,0,0,0,0,882468790
450,801,"Air Up There, The (1994)",1,0,0,0,0,1,0,0,0,0,0,0,0,0,0,0,0,0,0,882469863
450,807,Poetic Justice (1993),1,0,0,0,0,0,0,0,1,0,0,0,0,0,0,0,0,0,0,887834823
450,812,Andre (1994),1,0,1,0,1,0,0,0,0,0,0,0,0,0,0,0,0,0,0,882468402
450,815,One Fine Day (1996),0,0,0,0,0,0,0,0,1,0,0,0,0,0,1,0,0,0,0,882396153
450,821,Mrs. Winterbourne (1996),-1,0,0,0,0,1,0,0,0,0,0,0,0,0,1,0,0,0,0,882812495
450,823,Mulholland Falls (1996),0,0,0,0,0,0,1,0,0,0,1,0,0,0,0,0,1,0,0,887139729
450,832,Bogus (1996),-1,0,0,0,1,0,0,0,1,1,0,0,0,0,0,0,0,0,0,882468307
450,837,Meet John Doe (1941),1,0,0,0,0,0,0,0,1,0,0,0,0,0,0,0,0,0,0,887835478
450,842,Pollyanna (1960),1,0,0,0,1,1,0,0,1,0,0,0,0,0,0,0,0,0,0,882376446
450,845,That Thing You Do! (1996),1,0,0,0,0,1,0,0,0,0,0,0,0,0,0,0,0,0,0,882373385
450,846,To Gillian on Her 37th Birthday (1996),0,0,0,0,0,0,0,0,1,0,0,0,0,0,1,0,0,0,0,882471524
450,847,Looking for Richard (1996),1,0,0,0,0,0,0,1,1,0,0,0,0,0,0,0,0,0,0,882376188
450,865,"Ice Storm, The (1997)",1,0,0,0,0,0,0,0,1,0,0,0,0,0,0,0,0,0,0,887136139
450,866,Michael (1996),1,0,0,0,0,1,0,0,0,0,0,0,0,0,1,0,0,0,0,882396565
450,869,Fools Rush In (1997),1,0,0,0,0,1,0,0,0,0,0,0,0,0,1,0,0,0,0,882470064
450,873,Picture Perfect (1997),0,0,0,0,0,1,0,0,0,0,0,0,0,0,1,0,0,0,0,882216475
450,878,That Darn Cat! (1997),-1,0,0,0,1,1,0,0,0,0,0,0,0,1,0,0,0,0,0,884098534
450,900,Kundun (1997),2,0,0,0,0,0,0,0,1,0,0,0,0,0,0,0,0,0,0,885944864
450,902,"Big Lebowski, The (1998)",1,0,0,0,0,1,1,0,0,0,0,0,0,1,0,0,1,0,0,889569016
450,904,Ma vie en rose (My Life in Pink) (1997),2,0,0,0,0,1,0,0,1,0,0,0,0,0,0,0,0,0,0,889568507
450,905,Great Expectations (1998),2,0,0,0,0,0,0,0,1,0,0,0,0,0,1,0,0,0,0,885945656
450,908,Half Baked (1998),-2,0,0,0,0,1,0,0,0,0,0,0,0,0,0,0,0,0,0,885945114
450,921,Farewell My Concubine (1993),1,0,0,0,0,0,0,0,1,0,0,0,0,0,1,0,0,0,0,882372178
450,923,Raise the Red Lantern (1991),2,0,0,0,0,0,0,0,1,0,0,0,0,0,0,0,0,0,0,886612198
450,926,Down Periscope (1996),1,0,0,0,0,1,0,0,0,0,0,0,0,0,0,0,0,0,0,882470125
450,928,"Craft, The (1996)",0,0,0,0,0,0,0,0,1,0,0,1,0,0,0,0,0,0,0,882397813
450,934,"Preacher's Wife, The (1996)",0,0,0,0,0,0,0,0,1,0,0,0,0,0,0,0,0,0,0,882471362
450,936,Brassed Off (1996),2,0,0,0,0,1,0,0,1,0,0,0,0,0,1,0,0,0,0,889569270
450,939,Murder in the First (1995),1,0,0,0,0,0,0,0,1,0,0,0,0,0,0,0,1,0,0,882376803
450,940,Airheads (1994),-1,0,0,0,0,1,0,0,0,0,0,0,0,0,0,0,0,0,0,882471737
450,942,What's Love Got to Do with It (1993),2,0,0,0,0,0,0,0,1,0,0,0,0,0,0,0,0,0,0,882812558
450,951,"Indian in the Cupboard, The (1995)",1,0,1,0,1,0,0,0,0,1,0,0,0,0,0,0,0,0,0,882399508
450,956,Nobody's Fool (1994),1,0,0,0,0,0,0,0,1,0,0,0,0,0,0,0,0,0,0,882394097
450,965,Funny Face (1957),1,0,0,0,0,1,0,0,0,0,0,0,1,0,0,0,0,0,0,882394364
450,966,"Affair to Remember, An (1957)",1,0,0,0,0,0,0,0,0,0,0,0,0,0,1,0,0,0,0,882377861
450,967,Little Lord Fauntleroy (1936),2,0,0,0,0,0,0,0,1,0,0,0,0,0,0,0,0,0,0,882373994
450,968,"Inspector General, The (1949)",1,0,0,0,0,0,0,0,0,0,0,0,1,0,0,0,0,0,0,882395537
450,969,Winnie the Pooh and the Blustery Day (1968),1,0,0,1,1,0,0,0,0,0,0,0,0,0,0,0,0,0,0,882376584
450,1020,Gaslight (1944),1,0,0,0,0,0,0,0,0,0,0,0,0,1,0,0,1,0,0,882376365
450,1028,Grumpier Old Men (1995),1,0,0,0,0,1,0,0,0,0,0,0,0,0,1,0,0,0,0,882469250
450,1030,"Beverly Hillbillies, The (1993)",-2,0,0,0,0,1,0,0,0,0,0,0,0,0,0,0,0,0,0,882468789
450,1033,Homeward Bound II: Lost in San Francisco (1996),0,0,1,0,1,0,0,0,0,0,0,0,0,0,0,0,0,0,0,882468401
450,1036,Drop Dead Fred (1991),-1,0,0,0,0,1,0,0,0,1,0,0,0,0,0,0,0,0,0,882468686
450,1037,Grease 2 (1982),-1,0,0,0,0,1,0,0,0,0,0,0,1,0,1,0,0,0,0,882473760
450,1039,Hamlet (1996),2,0,0,0,0,0,0,0,1,0,0,0,0,0,0,0,0,0,0,887137271
450,1041,Forget Paris (1995),1,0,0,0,0,1,0,0,0,0,0,0,0,0,1,0,0,0,0,882469432
450,1044,"Paper, The (1994)",1,0,0,0,0,1,0,0,1,0,0,0,0,0,0,0,0,0,0,887139844
450,1047,Multiplicity (1996),1,0,0,0,0,1,0,0,0,0,0,0,0,0,0,0,0,0,0,882469941
450,1048,She's the One (1996),0,0,0,0,0,1,0,0,0,0,0,0,0,0,1,0,0,0,0,882397813
450,1050,"Ghost and Mrs. Muir, The (1947)",1,0,0,0,0,0,0,0,1,0,0,0,0,0,1,0,0,0,0,882812349
450,1053,Now and Then (1995),0,0,0,0,0,0,0,0,1,0,0,0,0,0,0,0,0,0,0,882396352
450,1054,Mr. Wrong (1996),-1,0,0,0,0,1,0,0,0,0,0,0,0,0,0,0,0,0,0,882812495
450,1061,"Evening Star, The (1996)",1,0,0,0,0,1,0,0,1,0,0,0,0,0,0,0,0,0,0,882398313
450,1091,Pete's Dragon (1977),1,0,1,1,1,0,0,0,0,0,0,0,1,0,0,0,0,0,0,882468047
450,1092,Dear God (1996),0,0,0,0,0,1,0,0,0,0,0,0,0,0,0,0,0,0,0,882469627
450,1107,Beyond Rangoon (1995),1,0,0,0,0,0,0,0,1,0,0,0,0,0,0,0,0,0,0,887138957
450,1112,Cobb (1994),0,0,0,0,0,0,0,0,1,0,0,0,0,0,0,0,0,0,0,882396352
450,1115,Twelfth Night (1996),1,0,0,0,0,1,0,0,1,0,0,0,0,0,1,0,0,0,0,882395778
450,1116,"Mark of Zorro, The (1940)",0,0,1,0,0,0,0,0,0,0,0,0,0,0,0,0,0,0,0,887661961
450,1119,Some Kind of Wonderful (1987),1,0,0,0,0,0,0,0,1,0,0,0,0,0,1,0,0,0,0,882374332
450,1126,"Old Man and the Sea, The (1958)",1,0,1,0,0,0,0,0,1,0,0,0,0,0,0,0,0,0,0,887661961
450,1135,"Doors, The (1991)",1,0,0,0,0,0,0,0,1,0,0,0,1,0,0,0,0,0,0,882396352
450,1140,"Road to Wellville, The (1994)",-1,0,0,0,0,1,0,0,0,0,0,0,0,0,0,0,0,0,0,882471362
450,1147,My Family (1995),1,0,0,0,0,0,0,0,1,0,0,0,0,0,0,0,0,0,0,882374497
450,1152,In Love and War (1996),2,0,0,0,0,0,0,0,0,0,0,0,0,0,1,0,0,1,0,882812558
450,1153,Backbeat (1993),2,0,0,0,0,0,0,0,1,0,0,0,1,0,0,0,0,0,0,882397223
450,1160,Love! Valour! Compassion! (1997),2,0,0,0,0,0,0,0,1,0,0,0,0,0,1,0,0,0,0,886612330
450,1163,"Portrait of a Lady, The (1996)",0,0,0,0,0,0,0,0,1,0,0,0,0,0,0,0,0,0,0,882396928
450,1172,"Women, The (1939)",2,0,0,0,0,1,0,0,0,0,0,0,0,0,0,0,0,0,0,882373231
450,1184,"Endless Summer 2, The (1994)",-2,0,0,0,0,0,0,1,0,0,0,0,0,0,0,0,0,0,0,882397049
450,1192,"Boys of St. Vincent, The (1993)",2,0,0,0,0,0,0,0,1,0,0,0,0,0,0,0,0,0,0,887137066
450,1197,"Family Thing, A (1996)",0,0,0,0,0,1,0,0,1,0,0,0,0,0,0,0,0,0,0,882395662
450,1203,Top Hat (1935),0,0,0,0,0,1,0,0,0,0,0,0,1,0,1,0,0,0,0,882373723
450,1208,Kiss of Death (1995),0,0,0,0,0,0,1,0,1,0,0,0,0,0,0,0,1,0,0,882399359
450,1212,Flesh and Bone (1993),1,0,0,0,0,0,0,0,1,0,0,0,0,1,1,0,0,0,0,882396799
450,1220,Higher Learning (1995),2,0,0,0,0,0,0,0,1,0,0,0,0,0,0,0,0,0,0,882398084
450,1221,When a Man Loves a Woman (1994),2,0,0,0,0,0,0,0,1,0,0,0,0,0,0,0,0,0,0,887660722
450,1222,Judgment Night (1993),0,1,0,0,0,0,0,0,0,0,0,0,0,0,0,0,0,0,0,887834953
450,1226,Night Falls on Manhattan (1997),1,0,0,0,0,0,1,0,1,0,0,0,0,0,0,0,0,0,0,887660820
450,1248,Blink (1994),1,0,0,0,0,0,0,0,0,0,0,0,0,0,0,0,1,0,0,882399664
450,1249,For Love or Money (1993),0,0,0,0,0,1,0,0,0,0,0,0,0,0,0,0,0,0,0,882812821
450,1261,"Run of the Country, The (1995)",1,0,0,0,0,0,0,0,1,0,0,0,0,0,0,0,0,0,0,882472964
450,1263,Foxfire (1996),1,0,0,0,0,0,0,0,1,0,0,0,0,0,0,0,0,0,0,882396799
450,1269,Love in the Afternoon (1957),1,0,0,0,0,1,0,0,0,0,0,0,0,0,1,0,0,0,0,882812635
450,1271,North (1994),-1,0,0,0,0,1,0,0,0,0,0,0,0,0,0,0,0,0,0,882468686
450,1282,"Grass Harp, The (1995)",0,0,0,0,0,0,0,0,1,0,0,0,0,0,0,0,0,0,0,882394364
450,1284,Before and After (1996),0,0,0,0,0,0,0,0,1,0,0,0,0,1,0,0,0,0,0,887139594
450,1286,Shall We Dance? (1937),0,0,0,0,0,1,0,0,0,0,0,0,1,0,1,0,0,0,0,882377479
450,1297,Love Affair (1994),1,0,0,0,0,0,0,0,1,0,0,0,0,0,1,0,0,0,0,882812635
450,1303,"Getaway, The (1994)",1,1,0,0,0,0,0,0,0,0,0,0,0,0,0,0,0,0,0,887136016
450,1311,Waiting to Exhale (1995),1,0,0,0,0,1,0,0,1,0,0,0,0,0,0,0,0,0,0,887139844
450,1401,M. Butterfly (1993),1,0,0,0,0,0,0,0,1,0,0,0,0,0,0,0,0,0,0,882372103
450,1402,"Ciao, Professore! (1993)",-1,0,0,0,0,0,0,0,1,0,0,0,0,0,0,0,0,0,0,882473230
450,1421,My Crazy Life (Mi vida loca) (1993),1,0,0,0,0,0,0,0,1,0,0,0,0,0,0,0,0,0,0,882399664
450,1425,I'll Do Anything (1994),1,0,0,0,0,1,0,0,1,0,0,0,0,0,0,0,0,0,0,882471737
450,1435,"Steal Big, Steal Little (1995)",1,0,0,0,0,1,0,0,0,0,0,0,0,0,0,0,0,0,0,882471362
450,1441,Moonlight and Valentino (1995),0,0,0,0,0,0,0,0,1,0,0,0,0,0,1,0,0,0,0,882397940
450,1444,That Darn Cat! (1965),1,0,0,0,1,1,0,0,0,0,0,0,0,1,0,0,0,0,0,882468239
450,1446,"Bye Bye, Love (1995)",1,0,0,0,0,1,0,0,0,0,0,0,0,0,0,0,0,0,0,882812558
450,1479,Reckless (1995),0,0,0,0,0,1,0,0,0,0,0,0,0,0,0,0,0,0,0,882377479
450,1480,Herbie Rides Again (1974),0,0,1,0,1,1,0,0,0,0,0,0,0,0,0,0,0,0,0,882468686
450,1490,Fausto (1993),0,0,0,0,0,1,0,0,0,0,0,0,0,0,0,0,0,0,0,882396929
450,1518,Losing Isaiah (1995),1,0,0,0,0,0,0,0,1,0,0,0,0,0,0,0,0,0,0,887138957
450,1521,Mr. Wonderful (1993),0,0,0,0,0,1,0,0,0,0,0,0,0,0,1,0,0,0,0,882812350
450,1603,Angela (1995),0,0,0,0,0,0,0,0,1,0,0,0,0,0,0,0,0,0,0,887139728
